{"nm":"missÃÂ£o","ddd":0,"h":282,"w":273,"meta":{"g":"@lottiefiles/toolkit-js 0.33.2"},"layers":[{"ty":4,"nm":"Linha","sr":1,"st":0,"op":2645,"ip":0,"hd":false,"ddd":0,"bm":0,"hasMask":false,"ao":0,"ks":{"a":{"a":0,"k":[0,0,0],"ix":1},"s":{"a":0,"k":[100,100,100],"ix":6},"sk":{"a":0,"k":0},"p":{"a":1,"k":[{"o":{"x":0.333,"y":0},"i":{"x":0.667,"y":1},"s":[279.5,-5.75,0],"t":64,"ti":[23.75,-24.333,0],"to":[-23.75,24.333,0]},{"o":{"x":0.167,"y":0.167},"i":{"x":0.833,"y":0.833},"s":[137,140.25,0],"t":89,"ti":[0,0,0],"to":[0,0,0]},{"o":{"x":0.333,"y":0},"i":{"x":0.667,"y":1},"s":[137,140.25,0],"t":165,"ti":[0,-25.667,0],"to":[0,25.667,0]},{"s":[137,294.25,0],"t":180}],"ix":2},"r":{"a":1,"k":[{"o":{"x":0.333,"y":0},"i":{"x":0.667,"y":1},"s":[0],"t":88},{"o":{"x":0.333,"y":0},"i":{"x":0.667,"y":1},"s":[5],"t":89},{"o":{"x":0.333,"y":0},"i":{"x":0.667,"y":1},"s":[-5],"t":94},{"o":{"x":0.333,"y":0},"i":{"x":0.667,"y":1},"s":[5],"t":99},{"o":{"x":0.333,"y":0},"i":{"x":0.667,"y":1},"s":[-4],"t":104},{"o":{"x":0.333,"y":0},"i":{"x":0.667,"y":1},"s":[3],"t":109},{"o":{"x":0.333,"y":0},"i":{"x":0.667,"y":1},"s":[-2],"t":114},{"o":{"x":0.333,"y":0},"i":{"x":0.667,"y":1},"s":[0],"t":117},{"o":{"x":0.333,"y":0},"i":{"x":0.667,"y":1},"s":[0],"t":165},{"s":[121],"t":180}],"ix":10},"sa":{"a":0,"k":0},"o":{"a":0,"k":100,"ix":11}},"ef":[],"shapes":[{"ty":"gr","bm":0,"hd":false,"mn":"ADBE Vector Group","nm":"Forma 1","ix":1,"cix":2,"np":3,"it":[{"ty":"sh","bm":0,"hd":false,"mn":"ADBE Vector Shape - Group","nm":"Caminho 1","ix":1,"d":1,"ks":{"a":0,"k":{"c":false,"i":[[0,0],[0,0]],"o":[[0,0],[0,0]],"v":[[-2.25,2.5],[37,-36.75]]},"ix":2}},{"ty":"st","bm":0,"hd":false,"mn":"ADBE Vector Graphic - Stroke","nm":"TraÃÂ§ado 1","lc":2,"lj":1,"ml":4,"o":{"a":0,"k":100,"ix":4},"w":{"a":0,"k":6,"ix":5},"c":{"a":0,"k":[0.5059,0.4588,0.9412],"ix":3}},{"ty":"tr","a":{"a":0,"k":[0,0],"ix":1},"s":{"a":0,"k":[100,100],"ix":3},"sk":{"a":0,"k":0,"ix":4},"p":{"a":0,"k":[0,0],"ix":2},"r":{"a":0,"k":0,"ix":6},"sa":{"a":0,"k":0,"ix":5},"o":{"a":0,"k":100,"ix":7}}]}],"ind":1},{"ty":4,"nm":"Final da Flecha","sr":1,"st":0,"op":2645,"ip":0,"hd":false,"ddd":0,"bm":0,"hasMask":false,"ao":0,"ks":{"a":{"a":0,"k":[0,0,0],"ix":1},"s":{"a":0,"k":[100,100,100],"ix":6},"sk":{"a":0,"k":0},"p":{"a":0,"k":[-0.5,0.75,0],"ix":2},"r":{"a":0,"k":0,"ix":10},"sa":{"a":0,"k":0},"o":{"a":0,"k":100,"ix":11}},"ef":[],"shapes":[{"ty":"gr","bm":0,"hd":false,"mn":"ADBE Vector Group","nm":"Forma 1","ix":1,"cix":2,"np":3,"it":[{"ty":"sh","bm":0,"hd":false,"mn":"ADBE Vector Shape - Group","nm":"Caminho 1","ix":1,"d":1,"ks":{"a":0,"k":{"c":true,"i":[[0,0],[0,0],[0,0],[0,0],[0,0],[0,0]],"o":[[0,0],[0,0],[0,0],[0,0],[0,0],[0,0]],"v":[[72.25,-94.75],[38.5,-61.5],[41.25,-41.75],[61.5,-39],[94.5,-73],[76.5,-77.25]]},"ix":2}},{"ty":"st","bm":0,"hd":false,"mn":"ADBE Vector Graphic - Stroke","nm":"TraÃÂ§ado 1","lc":2,"lj":2,"ml":1,"o":{"a":0,"k":100,"ix":4},"w":{"a":0,"k":5,"ix":5},"c":{"a":0,"k":[0.5059,0.4588,0.9412],"ix":3}},{"ty":"tr","a":{"a":0,"k":[0,0],"ix":1},"s":{"a":0,"k":[125,125],"ix":3},"sk":{"a":0,"k":0,"ix":4},"p":{"a":0,"k":[-14.75,15.25],"ix":2},"r":{"a":0,"k":0,"ix":6},"sa":{"a":0,"k":0,"ix":5},"o":{"a":0,"k":100,"ix":7}}]}],"ind":2,"parent":1},{"ty":4,"nm":"LINHA EXTERIOR","sr":1,"st":0,"op":2645,"ip":0,"hd":false,"ddd":0,"bm":0,"hasMask":false,"ao":0,"ks":{"a":{"a":0,"k":[0,0,0],"ix":1},"s":{"a":0,"k":[277,277,100],"ix":6},"sk":{"a":0,"k":0},"p":{"a":0,"k":[136.5,141,0],"ix":2},"r":{"a":0,"k":0,"ix":10},"sa":{"a":0,"k":0},"o":{"a":0,"k":100,"ix":11}},"ef":[],"shapes":[{"ty":"gr","bm":0,"hd":false,"mn":"ADBE Vector Group","nm":"Forma 1","ix":1,"cix":2,"np":3,"it":[{"ty":"sh","bm":0,"hd":false,"mn":"ADBE Vector Shape - Group","nm":"Caminho 1","ix":1,"d":1,"ks":{"a":0,"k":{"c":false,"i":[[0,0],[19.46,-20.344],[-9.065,-14.762],[-16.392,6.629],[0,0]],"o":[[0,0],[-11,11.5],[11.807,19.227],[34,-13.75],[0,0]],"v":[[12.25,-38.5],[-31,-27.5],[-35.807,20.523],[14.75,38.25],[39.5,-13.25]]},"ix":2}},{"ty":"st","bm":0,"hd":false,"mn":"ADBE Vector Graphic - Stroke","nm":"TraÃÂ§ado 1","lc":2,"lj":1,"ml":4,"o":{"a":0,"k":100,"ix":4},"w":{"a":0,"k":2,"ix":5},"c":{"a":0,"k":[0.6627,0.651,0.9451],"ix":3}},{"ty":"tr","a":{"a":0,"k":[0,0],"ix":1},"s":{"a":0,"k":[100,100],"ix":3},"sk":{"a":0,"k":0,"ix":4},"p":{"a":0,"k":[0,0],"ix":2},"r":{"a":0,"k":0,"ix":6},"sa":{"a":0,"k":0,"ix":5},"o":{"a":0,"k":100,"ix":7}}]},{"ty":"tm","bm":0,"hd":false,"mn":"ADBE Vector Filter - Trim","nm":"Aparar caminhos 1","ix":2,"e":{"a":0,"k":100,"ix":2},"o":{"a":0,"k":0,"ix":3},"s":{"a":1,"k":[{"o":{"x":0.333,"y":0},"i":{"x":0.667,"y":1},"s":[100],"t":30},{"o":{"x":0.167,"y":0},"i":{"x":0.833,"y":1},"s":[0],"t":60},{"o":{"x":0.167,"y":0},"i":{"x":0.833,"y":1},"s":[0],"t":180},{"s":[100],"t":201}],"ix":1},"m":1}],"ind":3},{"ty":4,"nm":"LINHA MEDIA","sr":1,"st":0,"op":2645,"ip":0,"hd":false,"ddd":0,"bm":0,"hasMask":false,"ao":0,"ks":{"a":{"a":0,"k":[0,0,0],"ix":1},"s":{"a":0,"k":[187,187,100],"ix":6},"sk":{"a":0,"k":0},"p":{"a":0,"k":[136.5,141,0],"ix":2},"r":{"a":0,"k":0,"ix":10},"sa":{"a":0,"k":0},"o":{"a":0,"k":100,"ix":11}},"ef":[],"shapes":[{"ty":"gr","bm":0,"hd":false,"mn":"ADBE Vector Group","nm":"Forma 1","ix":1,"cix":2,"np":3,"it":[{"ty":"sh","bm":0,"hd":false,"mn":"ADBE Vector Shape - Group","nm":"Caminho 1","ix":1,"d":1,"ks":{"a":0,"k":{"c":false,"i":[[0,0],[19.46,-20.344],[-9.065,-14.762],[-16.392,6.629],[0,0]],"o":[[0,0],[-11,11.5],[11.807,19.227],[34,-13.75],[0,0]],"v":[[12.25,-38.5],[-31,-27.5],[-35.807,20.523],[14.75,38.25],[39.5,-13.25]]},"ix":2}},{"ty":"st","bm":0,"hd":false,"mn":"ADBE Vector Graphic - Stroke","nm":"TraÃÂ§ado 1","lc":2,"lj":1,"ml":4,"o":{"a":0,"k":100,"ix":4},"w":{"a":0,"k":4,"ix":5},"c":{"a":0,"k":[0.498,0.8824,0.9333],"ix":3}},{"ty":"tr","a":{"a":0,"k":[0,0],"ix":1},"s":{"a":0,"k":[100,100],"ix":3},"sk":{"a":0,"k":0,"ix":4},"p":{"a":0,"k":[0,0],"ix":2},"r":{"a":0,"k":0,"ix":6},"sa":{"a":0,"k":0,"ix":5},"o":{"a":0,"k":100,"ix":7}}]},{"ty":"tm","bm":0,"hd":false,"mn":"ADBE Vector Filter - Trim","nm":"Aparar caminhos 1","ix":2,"e":{"a":0,"k":100,"ix":2},"o":{"a":0,"k":0,"ix":3},"s":{"a":1,"k":[{"o":{"x":0.333,"y":0},"i":{"x":0.667,"y":1},"s":[100],"t":15},{"o":{"x":0.167,"y":0},"i":{"x":0.833,"y":1},"s":[0],"t":45},{"o":{"x":0.167,"y":0},"i":{"x":0.833,"y":1},"s":[0],"t":191},{"s":[100],"t":212}],"ix":1},"m":1}],"ind":4},{"ty":4,"nm":"LINHA INTERIOR","sr":1,"st":0,"op":2645,"ip":0,"hd":false,"ddd":0,"bm":0,"hasMask":false,"ao":0,"ks":{"a":{"a":0,"k":[0,0,0],"ix":1},"s":{"a":0,"k":[100,100,100],"ix":6},"sk":{"a":0,"k":0},"p":{"a":0,"k":[136.5,141,0],"ix":2},"r":{"a":0,"k":0,"ix":10},"sa":{"a":0,"k":0},"o":{"a":0,"k":100,"ix":11}},"ef":[],"shapes":[{"ty":"gr","bm":0,"hd":false,"mn":"ADBE Vector Group","nm":"Forma 1","ix":1,"cix":2,"np":3,"it":[{"ty":"sh","bm":0,"hd":false,"mn":"ADBE Vector Shape - Group","nm":"Caminho 1","ix":1,"d":1,"ks":{"a":0,"k":{"c":false,"i":[[0,0],[19.46,-20.344],[-9.065,-14.762],[-16.392,6.629],[0,0]],"o":[[0,0],[-11,11.5],[11.807,19.227],[34,-13.75],[0,0]],"v":[[12.25,-38.5],[-31,-27.5],[-35.807,20.523],[14.75,38.25],[39.5,-13.25]]},"ix":2}},{"ty":"st","bm":0,"hd":false,"mn":"ADBE Vector Graphic - Stroke","nm":"TraÃÂ§ado 1","lc":2,"lj":1,"ml":4,"o":{"a":0,"k":100,"ix":4},"w":{"a":0,"k":8,"ix":5},"c":{"a":0,"k":[0.3216,0.4431,1],"ix":3}},{"ty":"tr","a":{"a":0,"k":[0,0],"ix":1},"s":{"a":0,"k":[100,100],"ix":3},"sk":{"a":0,"k":0,"ix":4},"p":{"a":0,"k":[0,0],"ix":2},"r":{"a":0,"k":0,"ix":6},"sa":{"a":0,"k":0,"ix":5},"o":{"a":0,"k":100,"ix":7}}]},{"ty":"tm","bm":0,"hd":false,"mn":"ADBE Vector Filter - Trim","nm":"Aparar caminhos 1","ix":2,"e":{"a":0,"k":100,"ix":2},"o":{"a":0,"k":0,"ix":3},"s":{"a":1,"k":[{"o":{"x":0.333,"y":0},"i":{"x":0.667,"y":1},"s":[100],"t":0},{"o":{"x":0.333,"y":0},"i":{"x":0.833,"y":1},"s":[0],"t":30},{"o":{"x":0.167,"y":0},"i":{"x":0.833,"y":1},"s":[0],"t":212},{"s":[100],"t":233}],"ix":1},"m":1}],"ind":5}],"v":"5.7.3","fr":60,"op":233,"ip":0,"assets":[]}
